video_id,url,s3_key,sha256,size_bytes,duration_s,keyword,fetched_at,title,creator,revenue,views,ads_roas,ai_video,product_name,category_name,ad,digg_count,share_count,comment_count,creator_debut
7654827387506527519,https://www.tiktok.com/@yourfavraych/video/7654827387506527519,beyond-videos/trending_tiktok_videos/landing/Bras/OEAK_Women_Jelly_Bras_Wirefree_Full_Coverage_No_Underwire_Ev/2026-08-21/comparing_the_jelly_bra_to_a_regular_bra_as_they_should_I_wa_7654827387506527519_20260821T211339Z.mp4,4e9155135f798412d3a155c93b82114960329118896da8ba9982d611f7cf0dfb,,62,OEAK Women Jelly Bras Wirefree Full Coverage No Underwire Everyday Bras Comfortable Wireless Padded Tshirt Bra,1787346851,comparing the jelly bra to a regular bra as they should. 🫠 I was skeptical too but these wireless smoothing bras are all that I wear now. The most comfortable no spillage bras.  #wirelessbra #jellybra #liftingbra  #oeak #DealsForYouDays @OEAK_Hannah ,yourfavraych,86954.82,3956923,3.21,0,OEAK Women Jelly Bras Wirefree Full Coverage No Underwire Everyday Bras Comfortable Wireless Padded Tshirt Bra,Bras,1,43559,1727,678,2025-10-29
7617658959658290446,https://www.tiktok.com/@kombuchaluvr222/video/7617658959658290446,beyond-videos/trending_tiktok_videos/landing/Bras/OEAK_Women_Jelly_Bras_Wirefree_Full_Coverage_No_Underwire_Ev/2026-08-21/Don_t_rule_out_they_re_probably_real_7617658959658290446_20260821T211339Z.mp4,c137aa05d6806855818743fc8f278d0d6e4b74c22187cfd3466641352de372c6,,52,OEAK Women Jelly Bras Wirefree Full Coverage No Underwire Everyday Bras Comfortable Wireless Padded Tshirt Bra,1787346862,Don’t rule out they’re probably real ,kombuchaluvr222,68248.83,3170627,3.21,0,OEAK Women Jelly Bras Wirefree Full Coverage No Underwire Everyday Bras Comfortable Wireless Padded Tshirt Bra,Bras,1,26785,1871,306,2025-05-15
7665176068218703118,https://www.tiktok.com/@k3nyasales/video/7665176068218703118,beyond-videos/trending_tiktok_videos/landing/Bras/OEAK_Women_Jelly_Bras_Wirefree_Full_Coverage_No_Underwire_Ev/2026-08-21/Exactly_what_every_fitted_tee_girl_needs_no_lines_no_bulges_7665176068218703118_20260821T211339Z.mp4,75d1c0e24051b9f0a8e2353df7ce255294701085496b95afe2268264f10372fb,,49,OEAK Women Jelly Bras Wirefree Full Coverage No Underwire Everyday Bras Comfortable Wireless Padded Tshirt Bra,1787346877,Exactly what every fitted tee girl needs. no lines. no bulges. just smooth under every fitted T-shirt. #oeak #seamlessbra #tiktokshop #tiktokshopsummersale #tiktokshopcreatorpicks ,k3nyasales,55387.4,2930902,3.29,0,OEAK Women Jelly Bras Wirefree Full Coverage No Underwire Everyday Bras Comfortable Wireless Padded Tshirt Bra,Bras,1,38354,1019,98,2026-04-25
7668118487667182862,https://www.tiktok.com/@kombuchaluvr222/video/7668118487667182862,beyond-videos/trending_tiktok_videos/landing/Bras/OEAK_Women_Jelly_Bras_Wirefree_Full_Coverage_No_Underwire_Ev/2026-08-21/Literally_have_every_color_7668118487667182862_20260821T211339Z.mp4,fc5c6317731aa36bd1fdf75ea933072e59cf781001d8b8d5b305c1f1ee8daa2f,,67,OEAK Women Jelly Bras Wirefree Full Coverage No Underwire Everyday Bras Comfortable Wireless Padded Tshirt Bra,1787346882,Literally have every color ,kombuchaluvr222,38380.41,1876027,3.55,0,OEAK Women Jelly Bras Wirefree Full Coverage No Underwire Everyday Bras Comfortable Wireless Padded Tshirt Bra,Bras,1,9952,174,35,2025-05-15
7652510315896114445,https://www.tiktok.com/@lilyy_turcotte/video/7652510315896114445,beyond-videos/trending_tiktok_videos/landing/Bras/LUCKMEEY_Womens_Strapless_Front_Closure_Bra_Push_Up_Lift_Bra/2026-08-21/This_bra_is_my_holy_grail_fr_straplessbra_dealsforyoudays_Su_7652510315896114445_20260821T211244Z.mp4,60a82b00d611f1996bec3a8c49dd8bf0784766e8f0210f37970e0ce9c0053e8d,,43,LUCKMEEY Womens Strapless Front Closure Bra Push Up Lift Bra Padded Add Cup Non Slip  Anti-Slip Grip & Removable Straps Fit Outfits Wireless Supportive  Seamless Comfortable#tiktokshopbacktoschool#sohochic,1787346783,This bra is my holy grail fr #straplessbra #dealsforyoudays #SummerFashion #pushupbra #summeroutfit ,lilyy_turcotte,88963.74,6231210,3.58,0,LUCKMEEY Womens Strapless Front Closure Bra Push Up Lift Bra Padded Add Cup Non Slip  Anti-Slip Grip & Removable Straps Fit Outfits Wireless Supportive  Seamless Comfortable#tiktokshopbacktoschool#sohochic,Bras,1,49850,5168,247,2025-03-15
7665120852773588254,https://www.tiktok.com/@shopwsopha/video/7665120852773588254,beyond-videos/trending_tiktok_videos/landing/Bras/LUCKMEEY_Womens_Strapless_Front_Closure_Bra_Push_Up_Lift_Bra/2026-08-21/So_good_straplessbra_tiktokshopsummersale_tiktokshopcreatorp_7665120852773588254_20260821T211244Z.mp4,cdf8184c19e5dc59d0a9315ecf246977e898535c78232c1e02a0ee9b607f2295,,44,LUCKMEEY Womens Strapless Front Closure Bra Push Up Lift Bra Padded Add Cup Non Slip  Anti-Slip Grip & Removable Straps Fit Outfits Wireless Supportive  Seamless Comfortable#tiktokshopbacktoschool#sohochic,1787346789,So good 👩🏼‍🍳🫦🫦 #straplessbra #tiktokshopsummersale #tiktokshopcreatorpicks #bra #luckmeey ,shopwsopha,81636.52,6689378,3.32,0,LUCKMEEY Womens Strapless Front Closure Bra Push Up Lift Bra Padded Add Cup Non Slip  Anti-Slip Grip & Removable Straps Fit Outfits Wireless Supportive  Seamless Comfortable#tiktokshopbacktoschool#sohochic,Bras,1,47695,1970,244,2026-03-16
7666128987923467533,https://www.tiktok.com/@huntergrazianoo/video/7666128987923467533,beyond-videos/trending_tiktok_videos/landing/Bras/LUCKMEEY_Womens_Strapless_Front_Closure_Bra_Push_Up_Lift_Bra/2026-08-21/the_lift_straplessbra_bra_7666128987923467533_20260821T211244Z.mp4,dd2d7eaefebce25fb6a5a032b7cb254927c63ec4c96392554a54da38bd4e0562,,32,LUCKMEEY Womens Strapless Front Closure Bra Push Up Lift Bra Padded Add Cup Non Slip  Anti-Slip Grip & Removable Straps Fit Outfits Wireless Supportive  Seamless Comfortable#tiktokshopbacktoschool#sohochic,1787346809,the lift >> #straplessbra #bra ,huntergrazianoo,24555.94,1950839,3.0,0,LUCKMEEY Womens Strapless Front Closure Bra Push Up Lift Bra Padded Add Cup Non Slip  Anti-Slip Grip & Removable Straps Fit Outfits Wireless Supportive  Seamless Comfortable#tiktokshopbacktoschool#sohochic,Bras,1,7234,565,92,2026-03-06
7666526684568472846,https://www.tiktok.com/@bricesmithhh/video/7666526684568472846,beyond-videos/trending_tiktok_videos/landing/T-shirts/EKKO_Lifestyle_Beater_-_TRUE_TO_SIZE_350_GSM/2026-08-21/In_Stock_Buy_Here_gym_7666526684568472846_20260821T211208Z.mp4,ef874bb3fa33d09cfe33a1d9c89895d894e51a10d49a609eeb20bb894ef9099d,,43,EKKO Lifestyle Beater - TRUE TO SIZE | 350 GSM,1787346744,"In Stock, Buy Here 👆 #gym ",bricesmithhh,12338.85,1285353,3.35,0,EKKO Lifestyle Beater - TRUE TO SIZE | 350 GSM,T-shirts,1,2351,79,21,2024-01-20
7672535362446626062,https://www.tiktok.com/@bricesmithhh/video/7672535362446626062,beyond-videos/trending_tiktok_videos/landing/T-shirts/EKKO_Lifestyle_Beater_-_TRUE_TO_SIZE_350_GSM/2026-08-21/Best_beaters_for_summer_gym_7672535362446626062_20260821T211208Z.mp4,48ea338f31c585e800de48bd9d04ea98234aab01c6b17eca27d801c62e7e1559,,52,EKKO Lifestyle Beater - TRUE TO SIZE | 350 GSM,1787346751,Best beaters for summer 👆 #gym ,bricesmithhh,7557.34,995419,3.18,0,EKKO Lifestyle Beater - TRUE TO SIZE | 350 GSM,T-shirts,1,1381,49,31,2025-01-01
7655205365067386143,https://www.tiktok.com/@parkdeals/video/7655205365067386143,beyond-videos/trending_tiktok_videos/landing/T-shirts/TRAILBLAZER_Slim_Fit_White_and_Black_Tees_Crewneck_3_Pack/2026-08-21/Fits_true_to_size_parkdeals_GlowUp_7655205365067386143_20260821T211133Z.mp4,45d4f91df3e3090c58970a8ddafff7e66dcfcaed28bf5275570c759063e40aba,,13,TRAILBLAZER Slim Fit White and Black Tees Crewneck (3 Pack),1787346707,Fits true to size #parkdeals #GlowUp ,parkdeals,15580.19,651635,2.11,0,TRAILBLAZER Slim Fit White and Black Tees Crewneck (3 Pack),T-shirts,1,8811,191,136,2025-04-23
7617714290853711134,https://www.tiktok.com/@flawkolito/video/7617714290853711134,beyond-videos/trending_tiktok_videos/landing/T-shirts/TRAILBLAZER_Slim_Fit_White_and_Black_Tees_Crewneck_3_Pack/2026-08-21/7617714290853711134_7617714290853711134_20260821T211133Z.mp4,a3b20a5d1a16b11c629c150703f9b480860a542f26deb19ccf2b203407e54b9c,,13,TRAILBLAZER Slim Fit White and Black Tees Crewneck (3 Pack),1787346712,"",flawkolito,8856.15,351674,1.91,0,TRAILBLAZER Slim Fit White and Black Tees Crewneck (3 Pack),T-shirts,1,42644,3299,305,2026-02-04
7618710510921354527,https://www.tiktok.com/@flawkolito/video/7618710510921354527,beyond-videos/trending_tiktok_videos/landing/T-shirts/TRAILBLAZER_Slim_Fit_White_and_Black_Tees_Crewneck_3_Pack/2026-08-21/7618710510921354527_7618710510921354527_20260821T211133Z.mp4,28f9f8c27880b4aca0caab7c71f431d7bce3ff07ce36bf10022ae144927a1130,,13,TRAILBLAZER Slim Fit White and Black Tees Crewneck (3 Pack),1787346716,"",flawkolito,8451.2,353838,1.87,0,TRAILBLAZER Slim Fit White and Black Tees Crewneck (3 Pack),T-shirts,1,17505,730,202,2026-02-04
7635316400629763358,https://www.tiktok.com/@sweet.ggt/video/7635316400629763358,beyond-videos/trending_tiktok_videos/landing/Casual_Dresses/Women_s_Plain_Dress_Summer_Clothes_Women_Casual_Sleeveless_B/2026-08-21/summerdresses_7635316400629763358_20260821T211033Z.mp4,5a1838ca6c35bf955409bce36bc0abf76acabd8e9c67c37d407de40232535e77,,8,"Women's Plain Dress, Summer Clothes Women, Casual Sleeveless Backless Dress for Beach Holiday Vacation, Ladies Summer Clothes, Elegance",1787346646,🤎✨.                               #summerdresses ,sweet.ggt,10445.7,767709,2.66,0,"Women's Plain Dress, Summer Clothes Women, Casual Sleeveless Backless Dress for Beach Holiday Vacation, Ladies Summer Clothes, Elegance",Casual Dresses,1,184925,4214,119,2026-03-30
7667783027577064717,https://www.tiktok.com/@zoesecrets4u/video/7667783027577064717,beyond-videos/trending_tiktok_videos/landing/Casual_Dresses/Women_s_Plain_Dress_Summer_Clothes_Women_Casual_Sleeveless_B/2026-08-21/a_literal_dream_summerdress_summerlooks_tiktokshopsummersale_7667783027577064717_20260821T211033Z.mp4,62e2395a532191e0059954e69b9a5496b0f6f3b8666dd1db8a6c56ebad59776c,,6,"Women's Plain Dress, Summer Clothes Women, Casual Sleeveless Backless Dress for Beach Holiday Vacation, Ladies Summer Clothes, Elegance",1787346655,a literal dream 🎀 #summerdress #summerlooks #tiktokshopsummersale #outfitinspo #flowydress ,zoesecrets4u,8768.12,838889,0.0,0,"Women's Plain Dress, Summer Clothes Women, Casual Sleeveless Backless Dress for Beach Holiday Vacation, Ladies Summer Clothes, Elegance",Casual Dresses,0,45875,1102,42,2026-04-29
7632442770665475342,https://www.tiktok.com/@esstherana/video/7632442770665475342,beyond-videos/trending_tiktok_videos/landing/Casual_Dresses/Women_s_Plain_Dress_Summer_Clothes_Women_Casual_Sleeveless_B/2026-08-21/Vacation_outfit_ideas_Everything_I_m_wearing_is_a_size_small_7632442770665475342_20260821T211033Z.mp4,1d5d8d85800f9671dc46ce251d7f17481b268f7e35b5b3ed182956f8eab55706,,37,"Women's Plain Dress, Summer Clothes Women, Casual Sleeveless Backless Dress for Beach Holiday Vacation, Ladies Summer Clothes, Elegance",1787346661,Vacation outfit ideas🏝️🫧✨ Everything I’m wearing is a size small. 150lbs. 5’4. #outfitinspo #summeroutfits #vacationoutfits #springoutfit #fashiontiktok ,esstherana,6172.3,142656,1.58,0,"Women's Plain Dress, Summer Clothes Women, Casual Sleeveless Backless Dress for Beach Holiday Vacation, Ladies Summer Clothes, Elegance",Casual Dresses,1,59763,1793,167,2025-09-06
7667976937519713567,https://www.tiktok.com/@chxrish222/video/7667976937519713567,beyond-videos/trending_tiktok_videos/landing/Casual_Dresses/Women_s_Plain_Dress_Summer_Clothes_Women_Casual_Sleeveless_B/2026-08-21/which_style_is_your_favorite_fypage_CapCut_7667976937519713567_20260821T211033Z.mp4,d4c53079f127ef6c9bfbf8f3e0f4a0c33a8db19abfaf7d5b7ff607875f5780bd,,16,"Women's Plain Dress, Summer Clothes Women, Casual Sleeveless Backless Dress for Beach Holiday Vacation, Ladies Summer Clothes, Elegance",1787346664,which style is your favorite? #fypage #CapCut ,chxrish222,4091.04,362576,0.0,0,"Women's Plain Dress, Summer Clothes Women, Casual Sleeveless Backless Dress for Beach Holiday Vacation, Ladies Summer Clothes, Elegance",Casual Dresses,0,23268,365,47,2025-06-07
7674311422330834207,https://www.tiktok.com/@therealalysn/video/7674311422330834207,beyond-videos/trending_tiktok_videos/landing/Casual_Dresses/Women_s_Plain_Dress_Summer_Clothes_Women_Casual_Sleeveless_B/2026-08-21/Likeeeee_princessandthefrog_fyppppppppppppppppppppppp_fypシ_v_7674311422330834207_20260821T211033Z.mp4,b94fd176a4fddc8bb43e82d4dcfd291d916ffac93b52a845adacee11d78059f9,,10,"Women's Plain Dress, Summer Clothes Women, Casual Sleeveless Backless Dress for Beach Holiday Vacation, Ladies Summer Clothes, Elegance",1787346668,Likeeeee🙄😭 #princessandthefrog #fyppppppppppppppppppppppp #fypシ゚viral #bronxny #fyppp ,therealalysn,3815.19,369633,0.0,0,"Women's Plain Dress, Summer Clothes Women, Casual Sleeveless Backless Dress for Beach Holiday Vacation, Ladies Summer Clothes, Elegance",Casual Dresses,0,112296,7482,1036,2025-11-08
7645167380703808799,https://www.tiktok.com/@maryferflor/video/7645167380703808799,beyond-videos/trending_tiktok_videos/landing/Casual_Dresses/Women_s_Plain_Dress_Summer_Clothes_Women_Casual_Sleeveless_B/2026-08-21/Este_vestido_sí_da_ese_look_arreglado_sin_tener_que_hacer_mu_7645167380703808799_20260821T211033Z.mp4,6eeac6ea35efd4183d1d0540a0b8f48ac63b623162b12c5f0a15c1e20cb504e6,,24,"Women's Plain Dress, Summer Clothes Women, Casual Sleeveless Backless Dress for Beach Holiday Vacation, Ladies Summer Clothes, Elegance",1787346673,"Este vestido sí da ese look arreglado sin tener que hacer mucho ✨ La tela es ligera, fresca y con un movimiento súper bonito. Tiene espalda descubierta, escote halter y un ajuste que se mira demasiado femenino. Además, el color está precioso para verano, vacaciones o cualquier salida 💖 vestido largo rosa halter maxi dress vestido espalda descubierta vestido verano mujer vacation dress vestido elegante casual #TikTokShopFinds #MaxiDress #SummerDress #maryferflor #summervibes☀️ ",maryferflor,3490.68,278397,2.42,0,"Women's Plain Dress, Summer Clothes Women, Casual Sleeveless Backless Dress for Beach Holiday Vacation, Ladies Summer Clothes, Elegance",Casual Dresses,1,6438,400,26,2025-08-24
7660695469080775967,https://www.tiktok.com/@xoxo.julivette/video/7660695469080775967,beyond-videos/trending_tiktok_videos/landing/Casual_Dresses/Women_s_Plain_Dress_Summer_Clothes_Women_Casual_Sleeveless_B/2026-08-21/soooo_cuteee_7660695469080775967_20260821T211033Z.mp4,88b40f0976bdfe3e2849849561a986ab4cdadeec856a67f36ec6c1eee32fede6,,13,"Women's Plain Dress, Summer Clothes Women, Casual Sleeveless Backless Dress for Beach Holiday Vacation, Ladies Summer Clothes, Elegance",1787346677,soooo cuteee🥹🥹🫶🏽🫶🏽🫶🏽,xoxo.julivette,3395.29,250142,0.0,0,"Women's Plain Dress, Summer Clothes Women, Casual Sleeveless Backless Dress for Beach Holiday Vacation, Ladies Summer Clothes, Elegance",Casual Dresses,0,25151,1331,43,2025-03-17
7628804543161273630,https://www.tiktok.com/@miyacromer/video/7628804543161273630,beyond-videos/trending_tiktok_videos/landing/Casual_Dresses/Women_s_Plain_Dress_Summer_Clothes_Women_Casual_Sleeveless_B/2026-08-21/the_perfect_vacation_summer_dress_I_literally_have_it_in_5_c_7628804543161273630_20260821T211033Z.mp4,9651945ea8787a0fab7aee70692e644f71a211509e82ac415fa63d1cd210d7ba,,10,"Women's Plain Dress, Summer Clothes Women, Casual Sleeveless Backless Dress for Beach Holiday Vacation, Ladies Summer Clothes, Elegance",1787346681,"the perfect vacation & summer dress, I literally have it in 5 colors😩 #outfitinspo #tiktokshopsummerturnup #summerdress #vacationdress ",miyacromer,3263.62,249268,0.0,0,"Women's Plain Dress, Summer Clothes Women, Casual Sleeveless Backless Dress for Beach Holiday Vacation, Ladies Summer Clothes, Elegance",Casual Dresses,0,128896,9273,146,2025-06-19
7667930997580631327,https://www.tiktok.com/@bellasfinds123/video/7667930997580631327,beyond-videos/trending_tiktok_videos/landing/Casual_Dresses/OYS_Women_s_Casual_Sleeveless_Square_Neck_A-Line_Solid_Slim/2026-08-21/Wow_this_is_so_perfect_OYS_US_SummerFashion_fashion_dress_su_7667930997580631327_20260821T210942Z.mp4,459dcfa2bae02c09a0ad650403ac8adc3c5585534b6f760a070d060b336be55a,,40,OYS Women's Casual Sleeveless Square Neck A-Line Solid Slim Flowy Long Dress with Pockets & Back Tie Detail Design,1787346598,Wow this is so perfect @OYS_US 👗👰‍♀️ #SummerFashion #fashion #dress #summerdress #dresswithpockets ,bellasfinds123,14708.42,1139283,2.98,0,OYS Women's Casual Sleeveless Square Neck A-Line Solid Slim Flowy Long Dress with Pockets & Back Tie Detail Design,Casual Dresses,1,8398,428,15,2026-05-12
7654651827614534926,https://www.tiktok.com/@boudoirbyhannabrubin/video/7654651827614534926,beyond-videos/trending_tiktok_videos/landing/Casual_Dresses/OYS_Women_s_Casual_Sleeveless_Square_Neck_A-Line_Solid_Slim/2026-08-21/lol_I_cannot_believe_he_said_that_couples_midsize_outfitinsp_7654651827614534926_20260821T210942Z.mp4,11919f1482a2ae09c93d28639397488c453af6b70e3aa12c1654bd4cf3944863,,65,OYS Women's Casual Sleeveless Square Neck A-Line Solid Slim Flowy Long Dress with Pockets & Back Tie Detail Design,1787346606,lol I cannot believe he said that 🤣🤣🤣 #couples #midsize #outfitinspo #maternity ,boudoirbyhannabrubin,12123.13,712486,0.0,0,OYS Women's Casual Sleeveless Square Neck A-Line Solid Slim Flowy Long Dress with Pockets & Back Tie Detail Design,Casual Dresses,0,25374,70,214,2025-10-14
7660704314322701581,https://www.tiktok.com/@amiemichel/video/7660704314322701581,beyond-videos/trending_tiktok_videos/landing/Casual_Dresses/OYS_Women_s_Casual_Sleeveless_Square_Neck_A-Line_Solid_Slim/2026-08-21/My_husband_was_obsessed_this_dress_is_Fn_perfect_it_has_pock_7660704314322701581_20260821T210942Z.mp4,378c9e2fa3a4140db16ce3dca27cfbd8e5d6b2d90296519cb63ea6c0eba580d5,,22,OYS Women's Casual Sleeveless Square Neck A-Line Solid Slim Flowy Long Dress with Pockets & Back Tie Detail Design,1787346617,My husband was obsessed..this dress is Fn perfect & it has pockets swoon 💋 @OYS_US  . . . . . . #datenightdress #perfectdress #corsetdress #dresswithpockets #affordablefashion ,amiemichel,10456.73,605082,0.0,0,OYS Women's Casual Sleeveless Square Neck A-Line Solid Slim Flowy Long Dress with Pockets & Back Tie Detail Design,Casual Dresses,0,10580,400,147,2026-05-31
7663613461921811725,https://www.tiktok.com/@emilyesenn/video/7663613461921811725,beyond-videos/trending_tiktok_videos/landing/Casual_Dresses/OYS_Women_s_Casual_Sleeveless_Square_Neck_A-Line_Solid_Slim/2026-08-21/You_are_sleeping_on_this_ngl_dress_fashion_styleinspo_midsiz_7663613461921811725_20260821T210942Z.mp4,326e10dc83c07a55d63e0b3e50f087008312324e6e09df0cf32069b61b9694eb,,26,OYS Women's Casual Sleeveless Square Neck A-Line Solid Slim Flowy Long Dress with Pockets & Back Tie Detail Design,1787346622,You are sleeping on this ngl #dress #fashion #styleinspo #midsizefashion #casualdresses ,emilyesenn,4766.89,242818,1.97,0,OYS Women's Casual Sleeveless Square Neck A-Line Solid Slim Flowy Long Dress with Pockets & Back Tie Detail Design,Casual Dresses,1,2048,124,24,2020-07-14
7670947612119371038,https://www.tiktok.com/@holisticmia/video/7670947612119371038,beyond-videos/trending_tiktok_videos/landing/Women_s_T-shirts/Elengatine_Women_s_Off-Shoulder_Crop_Top_-_Soft_Stretchy_Sli/2026-08-21/absolutely_in_love_with_this_top_ootdinspo_cute_aesthetic_7670947612119371038_20260821T210850Z.mp4,f16f84cd7c42f08d8dc16e33904123a48cf7e3b0401fcfae8cb195cecd65d2df,,7,"Elengatine Women's Off-Shoulder Crop Top - Soft Stretchy Slim-Fit Short-Sleeve  Women's Clothes, Streetwear Trending Y2K Night Out Top for Summer，This blouse features open underarm & side split design，hidden button closure that can be opened or closed",1787346547,absolutely in love with this top #ootdinspo #cute #aesthetic,holisticmia,13366.62,3164160,0.0,0,"Elengatine Women's Off-Shoulder Crop Top - Soft Stretchy Slim-Fit Short-Sleeve  Women's Clothes, Streetwear Trending Y2K Night Out Top for Summer，This blouse features open underarm & side split design，hidden button closure that can be opened or closed",Women's T-shirts,0,61560,329,78,2025-08-12
7656644932110732574,https://www.tiktok.com/@itsashlyyn/video/7656644932110732574,beyond-videos/trending_tiktok_videos/landing/Women_s_T-shirts/Elengatine_Women_s_Off-Shoulder_Crop_Top_-_Soft_Stretchy_Sli/2026-08-21/7656644932110732574_7656644932110732574_20260821T210850Z.mp4,4a5b28f48b55b5855c38016fe449a519f7f0e5e51f92cf48f02f4595bc47d223,,14,"Elengatine Women's Off-Shoulder Crop Top - Soft Stretchy Slim-Fit Short-Sleeve  Women's Clothes, Streetwear Trending Y2K Night Out Top for Summer，This blouse features open underarm & side split design，hidden button closure that can be opened or closed",1787346551,"",itsashlyyn,12056.04,1669013,2.54,0,"Elengatine Women's Off-Shoulder Crop Top - Soft Stretchy Slim-Fit Short-Sleeve  Women's Clothes, Streetwear Trending Y2K Night Out Top for Summer，This blouse features open underarm & side split design，hidden button closure that can be opened or closed",Women's T-shirts,1,66763,873,99,2026-01-23
7632386655424466189,https://www.tiktok.com/@notamaraa/video/7632386655424466189,beyond-videos/trending_tiktok_videos/landing/Women_s_T-shirts/Elengatine_Women_s_Off-Shoulder_Crop_Top_-_Soft_Stretchy_Sli/2026-08-21/unknown_7632386655424466189_20260821T210850Z.mp4,0c82335220fd74b50c2629be9cd190ba3396b77dc780185ee1fb6d6e198a8cdc,,10,"Elengatine Women's Off-Shoulder Crop Top - Soft Stretchy Slim-Fit Short-Sleeve  Women's Clothes, Streetwear Trending Y2K Night Out Top for Summer，This blouse features open underarm & side split design，hidden button closure that can be opened or closed",1787346556,🙈,notamaraa,8676.72,1230271,0.0,0,"Elengatine Women's Off-Shoulder Crop Top - Soft Stretchy Slim-Fit Short-Sleeve  Women's Clothes, Streetwear Trending Y2K Night Out Top for Summer，This blouse features open underarm & side split design，hidden button closure that can be opened or closed",Women's T-shirts,0,525637,16218,590,2025-04-24
7650623078694915341,https://www.tiktok.com/@notamaraa/video/7650623078694915341,beyond-videos/trending_tiktok_videos/landing/Women_s_T-shirts/Elengatine_Women_s_Off-Shoulder_Crop_Top_-_Soft_Stretchy_Sli/2026-08-21/hi_sexys_7650623078694915341_20260821T210850Z.mp4,cdb7572607c2f5d48de5b711d019f2b134962bac44f6794038396118dba78fb6,,10,"Elengatine Women's Off-Shoulder Crop Top - Soft Stretchy Slim-Fit Short-Sleeve  Women's Clothes, Streetwear Trending Y2K Night Out Top for Summer，This blouse features open underarm & side split design，hidden button closure that can be opened or closed",1787346560,hi sexys ,notamaraa,7776.0,1002678,2.36,0,"Elengatine Women's Off-Shoulder Crop Top - Soft Stretchy Slim-Fit Short-Sleeve  Women's Clothes, Streetwear Trending Y2K Night Out Top for Summer，This blouse features open underarm & side split design，hidden button closure that can be opened or closed",Women's T-shirts,1,144124,4541,238,2025-04-24
7660297181894577421,https://www.tiktok.com/@abbyyrico/video/7660297181894577421,beyond-videos/trending_tiktok_videos/landing/Women_s_T-shirts/Elengatine_Women_s_Off-Shoulder_Crop_Top_-_Soft_Stretchy_Sli/2026-08-21/7660297181894577421_7660297181894577421_20260821T210850Z.mp4,58414b2629178d1259030e8ca3570af4497250429a7b4dbcfb45c06c4d87629f,,12,"Elengatine Women's Off-Shoulder Crop Top - Soft Stretchy Slim-Fit Short-Sleeve  Women's Clothes, Streetwear Trending Y2K Night Out Top for Summer，This blouse features open underarm & side split design，hidden button closure that can be opened or closed",1787346564,"",abbyyrico,6480.0,889502,2.3,0,"Elengatine Women's Off-Shoulder Crop Top - Soft Stretchy Slim-Fit Short-Sleeve  Women's Clothes, Streetwear Trending Y2K Night Out Top for Summer，This blouse features open underarm & side split design，hidden button closure that can be opened or closed",Women's T-shirts,1,48390,480,195,2025-10-29
7653634125659671822,https://www.tiktok.com/@fit.for.adventure3.0/video/7653634125659671822,beyond-videos/trending_tiktok_videos/landing/Women_s_T-shirts/Elengatine_Women_s_Off-Shoulder_Crop_Top_-_Soft_Stretchy_Sli/2026-08-21/Light_flattering_and_effortlessly_pretty_Just_add_denim_and_7653634125659671822_20260821T210850Z.mp4,b57fd0e60bd2cdc305f1a33273d87a2686b7496491abe15cd143cbd854f61968,,25,"Elengatine Women's Off-Shoulder Crop Top - Soft Stretchy Slim-Fit Short-Sleeve  Women's Clothes, Streetwear Trending Y2K Night Out Top for Summer，This blouse features open underarm & side split design，hidden button closure that can be opened or closed",1787346570,"Light, flattering, and effortlessly pretty 😍 Just add denim and you’re ready for vacation mode. #summerwins #OffShoulderTop #FashionFind #CuteSummerFits #dealsforyoudays ",fit.for.adventure3.0,6212.7,798019,0.0,0,"Elengatine Women's Off-Shoulder Crop Top - Soft Stretchy Slim-Fit Short-Sleeve  Women's Clothes, Streetwear Trending Y2K Night Out Top for Summer，This blouse features open underarm & side split design，hidden button closure that can be opened or closed",Women's T-shirts,0,95649,4309,273,2025-05-23
7671414802912136478,https://www.tiktok.com/@julissa_f4/video/7671414802912136478,beyond-videos/trending_tiktok_videos/landing/Women_s_T-shirts/Limited_time_deal_Women_s_Summer_Undershirt_Short_Sleeve_T-S/2026-08-21/Paquete_de_7_camisetas_sumamente_suaves_las_amarás_camisetas_7671414802912136478_20260821T210755Z.mp4,da85bcb0abf3e60f4622128ce6086a55ba0ee7f3b58dda9ae279b15d0cf2a00f,,40,"【Limited time deal】Women's Summer Undershirt Short Sleeve T-Shirt Solid Color Round Neck Casual Tee（T-shirt only） Womenswear Shortsleeve,back to school,back to school shopping",1787346487,Paquete de 7 camisetas sumamente suaves las amarás #camisetas #women #fashion #shirt #outfitideas ,julissa_f4,21798.04,4040900,3.33,0,"【Limited time deal】Women's Summer Undershirt Short Sleeve T-Shirt Solid Color Round Neck Casual Tee（T-shirt only） Womenswear Shortsleeve,back to school,back to school shopping",Women's T-shirts,1,12303,2293,176,2025-06-06
7674133579919527198,https://www.tiktok.com/@estherlyn_yepez/video/7674133579919527198,beyond-videos/trending_tiktok_videos/landing/Women_s_T-shirts/Limited_time_deal_Women_s_Summer_Undershirt_Short_Sleeve_T-S/2026-08-21/WomanModa_mom_camisas_blackfriday_7674133579919527198_20260821T210755Z.mp4,0e47b200c14943b3aab82880b45c693cfe2bd6d02d740eeb6cbdcc0594c3fb85,,30,"【Limited time deal】Women's Summer Undershirt Short Sleeve T-Shirt Solid Color Round Neck Casual Tee（T-shirt only） Womenswear Shortsleeve,back to school,back to school shopping",1787346492,#WomanModa #mom #camisas#blackfriday  ,estherlyn_yepez,9013.34,1817052,3.34,0,"【Limited time deal】Women's Summer Undershirt Short Sleeve T-Shirt Solid Color Round Neck Casual Tee（T-shirt only） Womenswear Shortsleeve,back to school,back to school shopping",Women's T-shirts,1,5971,466,52,2025-09-01
7662359419535068446,https://www.tiktok.com/@lillymom07/video/7662359419535068446,beyond-videos/trending_tiktok_videos/landing/Women_s_T-shirts/Limited_time_deal_Women_s_Summer_Undershirt_Short_Sleeve_T-S/2026-08-21/Paquete_de_blusas_ideales_para_el_trabajo_tiktokshopcreatorp_7662359419535068446_20260821T210755Z.mp4,fa0ba52314bbba446f296ead352a5bb7c9c2d4e84b767800a5b5038b73050237,,26,"【Limited time deal】Women's Summer Undershirt Short Sleeve T-Shirt Solid Color Round Neck Casual Tee（T-shirt only） Womenswear Shortsleeve,back to school,back to school shopping",1787346497,Paquete de blusas ideales para el trabajo . . . #tiktokshopcreatorpicks #weeklydeals #summerfinds#blusas#ropadetrabajo ,lillymom07,5812.22,712265,2.36,0,"【Limited time deal】Women's Summer Undershirt Short Sleeve T-Shirt Solid Color Round Neck Casual Tee（T-shirt only） Womenswear Shortsleeve,back to school,back to school shopping",Women's T-shirts,1,1910,216,53,2026-01-15
7664358136538582302,https://www.tiktok.com/@patyvargas89/video/7664358136538582302,beyond-videos/trending_tiktok_videos/landing/Women_s_T-shirts/Limited_time_deal_Women_s_Summer_Undershirt_Short_Sleeve_T-S/2026-08-21/Respuesta_a_mari91989_shirt_womanoutfit_camisa_ropademujer_f_7664358136538582302_20260821T210755Z.mp4,92a05afa1f1e4c6356e91573d24e9ae0fafd69dbbe6e4fb8e7f9cb5fe9bc3b4f,,34,"【Limited time deal】Women's Summer Undershirt Short Sleeve T-Shirt Solid Color Round Neck Casual Tee（T-shirt only） Womenswear Shortsleeve,back to school,back to school shopping",1787346514,Respuesta a @mari91989 #shirt #womanoutfit #camisa #ropademujer #fashion ,patyvargas89,4341.64,429866,2.24,0,"【Limited time deal】Women's Summer Undershirt Short Sleeve T-Shirt Solid Color Round Neck Casual Tee（T-shirt only） Womenswear Shortsleeve,back to school,back to school shopping",Women's T-shirts,1,1583,77,67,2026-01-27
7664751376697740558,https://www.tiktok.com/@dpark_way/video/7664751376697740558,beyond-videos/trending_tiktok_videos/landing/Vitamins_Minerals_Wellness_Supplements/Magnesium_Complex_for_Women_240_Vegetarian_Capsules_20-in-1/2026-08-21/If_you_are_having_side_effects_from_your_glp_consider_this_2_7664751376697740558_20260821T210702Z.mp4,698cd9fd1c044e6793a3025a47b6f94be6b4b81687539aebb4fe4745435bd861,,85,"Magnesium Complex for Women, 240 Vegetarian Capsules | 20-in-1 Formula - Magnesium Blend with Vitamin D3, K2, Ashwagandha & More | Filler Free, Non-GMO",1787346443,"If you are having side effects from your glp, consider this 20-in-1 magnesium complex. #womenshealth #glp #glp1community #womensupportingwomen #tiktokshopcreatorpicks @Micro Ingredients ",dpark_way,53234.05,2143747,2.95,0,"Magnesium Complex for Women, 240 Vegetarian Capsules | 20-in-1 Formula - Magnesium Blend with Vitamin D3, K2, Ashwagandha & More | Filler Free, Non-GMO","Vitamins, Minerals & Wellness Supplements",1,12088,2655,184,2022-01-15
7662228858782960927,https://www.tiktok.com/@cuponesyofertas_yaass/video/7662228858782960927,beyond-videos/trending_tiktok_videos/landing/Vitamins_Minerals_Wellness_Supplements/Magnesium_Complex_for_Women_240_Vegetarian_Capsules_20-in-1/2026-08-21/glp1community_glp1girlies_magnesium_magnesiumcomplex_magnesi_7662228858782960927_20260821T210702Z.mp4,a67b0ba06c4c3dda49e62d8816e10982f43882888f7cf357263f8a09e604fd43,,102,"Magnesium Complex for Women, 240 Vegetarian Capsules | 20-in-1 Formula - Magnesium Blend with Vitamin D3, K2, Ashwagandha & More | Filler Free, Non-GMO",1787346454,#glp1community #glp1girlies #magnesium #magnesiumcomplex #magnesiumbenefits para entretenimiento solamente NO ES CONSEJO MEDICO SIEMPRE CONSULTAR CON TU DOC,cuponesyofertas_yaass,40510.64,1498916,2.62,0,"Magnesium Complex for Women, 240 Vegetarian Capsules | 20-in-1 Formula - Magnesium Blend with Vitamin D3, K2, Ashwagandha & More | Filler Free, Non-GMO","Vitamins, Minerals & Wellness Supplements",1,14395,3904,328,2025-10-17
7655372023887154463,https://www.tiktok.com/@faithfuldoc/video/7655372023887154463,beyond-videos/trending_tiktok_videos/landing/Vitamins_Minerals_Wellness_Supplements/Magnesium_Complex_for_Women_240_Vegetarian_Capsules_20-in-1/2026-08-21/Replying_to_L_V_microingredients_microspotlightday_dfydmicro_7655372023887154463_20260821T210702Z.mp4,69a2209ab31e457ae9d6ae31f49218a4a16dab7e5c9d43a56e606a30a2ad5bfa,,84,"Magnesium Complex for Women, 240 Vegetarian Capsules | 20-in-1 Formula - Magnesium Blend with Vitamin D3, K2, Ashwagandha & More | Filler Free, Non-GMO",1787346461,Replying to @L.V #microingredients #microspotlightday #dfydmicrosbd #cortisol #magnesium  ,faithfuldoc,30497.57,1072392,2.34,0,"Magnesium Complex for Women, 240 Vegetarian Capsules | 20-in-1 Formula - Magnesium Blend with Vitamin D3, K2, Ashwagandha & More | Filler Free, Non-GMO","Vitamins, Minerals & Wellness Supplements",1,23117,2968,492,2026-01-20
7671750981738138910,https://www.tiktok.com/@socially_ari/video/7671750981738138910,beyond-videos/trending_tiktok_videos/landing/Vitamins_Minerals_Wellness_Supplements/Toplux_Magnesium_Complex_8_Essential_Magnesium_Supplement/2026-08-21/Toplux_Magnesium_Complex_An_8-in-1_magnesium_complex_that_su_7671750981738138910_20260821T210620Z.mp4,ab4744ae72b682a895c4d14a83c788b5624efbd976d74a68c30eab0a96e944b6,,58,Toplux Magnesium Complex 8 Essential Magnesium Supplement,1787346403,"Toplux Magnesium Complex ✨ An 8-in-1 magnesium complex that supports relaxation, sleep, muscle function, and your nervous system. An easy addition to your daily wellness routine. For general wellness support only. Results may vary. #magnesium #magnesiumcomplex #toplux #sleepsupport #stresssupport     ",socially_ari,65617.61,3471422,3.24,0,Toplux Magnesium Complex 8 Essential Magnesium Supplement,"Vitamins, Minerals & Wellness Supplements",1,23208,2890,96,2019-12-11
7666324792588438798,https://www.tiktok.com/@cinthiagracast/video/7666324792588438798,beyond-videos/trending_tiktok_videos/landing/Vitamins_Minerals_Wellness_Supplements/Toplux_Magnesium_Complex_8_Essential_Magnesium_Supplement/2026-08-21/El_mejor_magnesio_magnesium_dormirbien_7666324792588438798_20260821T210620Z.mp4,f942d50bc0e3cb4a0954bf33fb2dd8996119b34e79c175b5b45ac4ebc9fd4cf3,,119,Toplux Magnesium Complex 8 Essential Magnesium Supplement,1787346412,El mejor magnesio #magnesium #dormirbien ,cinthiagracast,45471.29,2275929,2.84,0,Toplux Magnesium Complex 8 Essential Magnesium Supplement,"Vitamins, Minerals & Wellness Supplements",1,9606,1244,242,2020-08-06
7647587903010393358,https://www.tiktok.com/@naturallyellen/video/7647587903010393358,beyond-videos/trending_tiktok_videos/landing/Body_Beauty_Devices/Akunbem_Bikini_Trimmer_for_Women_Electric_Shaver_and_Razor_R/2026-08-21/Replying_to_Lee_yeah_because_for_real_this_bikini_trimmer_is_7647587903010393358_20260821T162021Z.mp4,18b40d5bd093e99633ef2c1b08a023910485ac9008214c15b93df69b189f0df7,,30,electric shaver,1787329231,"Replying to @Lee yeah because for real this bikini trimmer is so gentle! I've been doing so many wild things with it and it has never cut, punched, pulled or given me razor burn. It's so sharp though and shaves even long or thick hair off effortlessly. It's perfect for under arms, even your face, bikini line, Brazilian, legs and more. #bikinirazor #bikinitrimmer #womenelectricshaver #electricrazor #bikiniline",naturallyellen,29501.38,3692601,2.97,0,"Akunbem Bikini Trimmer for Women, Electric Shaver and Razor Rechargeable 2-in-1 Body and Facial Epilator, Dual Heads for Painless Trimming of Pubic Hair, Face, Underarms and Legs, IPX7 Waterproof. Christmas Gift New Year Gift Shaving Grooming tiktokshopba",Body Beauty Devices,,,,,
7670611165256469790,https://www.tiktok.com/@echosfinds/video/7670611165256469790,beyond-videos/trending_tiktok_videos/landing/Body_Beauty_Devices/Akunbem_Bikini_Trimmer_for_Women_Electric_Shaver_and_Razor_R/2026-08-21/long_term_review_still_obsessed_still_not_going_back_bikinit_7670611165256469790_20260821T162021Z.mp4,a58246a3d9877f83d50eb761dc6cbd78ef65c2169564646ea3a44a894290f8bc,,61,electric shaver,1787329247,"long term review: still obsessed, still not going back #bikinitrimmer #electricrazor #tiktokshopcreatorpicks #waxing  #smoothshave",echosfinds,28610.43,4669910,3.67,0,"Akunbem Bikini Trimmer for Women, Electric Shaver and Razor Rechargeable 2-in-1 Body and Facial Epilator, Dual Heads for Painless Trimming of Pubic Hair, Face, Underarms and Legs, IPX7 Waterproof. Christmas Gift New Year Gift Shaving Grooming tiktokshopba",Body Beauty Devices,,,,,
7665140522939469087,https://www.tiktok.com/@meliifinds/video/7665140522939469087,beyond-videos/trending_tiktok_videos/landing/Body_Beauty_Devices/Akunbem_Bikini_Trimmer_for_Women_Electric_Shaver_and_Razor_R/2026-08-21/finally_no_razor_burn_electricshaver_electricrazor_7665140522939469087_20260821T161920Z.mp4,955a208cb5d6d46b5b76d6a6b2c3c5889e421684d85148b409cd0fac99e98623,,46,electric shaver,1787329204,finally no razor burn 😩#electricshaver #electricrazor  ,meliifinds,28858.93,3421027,3.54,0,"Akunbem Bikini Trimmer for Women, Electric Shaver and Razor Rechargeable 2-in-1 Body and Facial Epilator, Dual Heads for Painless Trimming of Pubic Hair, Face, Underarms and Legs, IPX7 Waterproof. Christmas Gift New Year Gift Shaving Grooming tiktokshopba",Body Beauty Devices,,,,,
7667218182301633823,https://www.tiktok.com/@eeveegeek/video/7667218182301633823,beyond-videos/trending_tiktok_videos/landing/Body_Beauty_Devices/Akunbem_Bikini_Trimmer_for_Women_Electric_Shaver_and_Razor_R/2026-08-21/creatorsearchinsights_viral_fyp_ad_7667218182301633823_20260821T161920Z.mp4,679be54d12e84328750b74514ebcbbac300be3d7a6c4b447192fad0c543a3e81,,15,electric shaver,1787329208,#creatorsearchinsights #viral #fyp #ad ,eeveegeek,23095.65,3523768,3.19,0,"Akunbem Bikini Trimmer for Women, Electric Shaver and Razor Rechargeable 2-in-1 Body and Facial Epilator, Dual Heads for Painless Trimming of Pubic Hair, Face, Underarms and Legs, IPX7 Waterproof. Christmas Gift New Year Gift Shaving Grooming tiktokshopba",Body Beauty Devices,,,,,
7581164199045319967,https://www.tiktok.com/@kdegraw15/video/7581164199045319967,beyond-videos/trending_tiktok_videos/landing/Body_Beauty_Devices/Portable_Mesh_Nebulizer_with_Auto-Cleaning_Whisper-Quiet_Ope/2026-08-21/I_m_still_shocked_to_see_the_comparison_from_this_portable_q_7581164199045319967_20260821T153443Z.mp4,f684cd1cf01dede3974fff17b9ebfc4f35a46d90887551ea07cf3258dbf2625b,,62,portable nebulizer,1787326544,"I’m still shocked to see the comparison from this portable, quiet, small rechargeable nebulizer and compare it to a urgent care nebulizer! These are so perfect to have at 2am when you need it or even just in your purse or your diaper bag! #portablenebulizer #nebulizer #rechargeable #tiktokshopholidayhaul #musthaveforparents ",kdegraw15,32697.62,1939986,2.67,0,"Portable Mesh Nebulizer with Auto-Cleaning, Whisper-Quiet Operation & LED Interface, Rechargeable Handheld Mist Device for Adults & Kids, Rechargeable Mesh Nebulizer, Usb Rechargeable Nebulizer",Body Beauty Devices,,,,,
7669988712033373471,https://www.tiktok.com/@cassiesuniquepicks/video/7669988712033373471,beyond-videos/trending_tiktok_videos/landing/Body_Beauty_Devices/Akunbem_Bikini_Trimmer_for_Women_Electric_Shaver_and_Razor_R/2026-08-21/These_are_genius_Frost_Buddy_toktokshopcreatorpicks_TikTokMa_7669988712033373471_20260821T151332Z.mp4,e9614cf69bb5851eb5f593db29100ab2e1af8adb4aac10ca84f0041252407462,,8,electric shaver,1787325217,These are genius @Frost Buddy  #toktokshopcreatorpicks  #TikTokMadeMeBuyIt #babyessentials #coolfinds ,cassiesuniquepicks,39905.31,1948917,3.51,0,"Akunbem Bikini Trimmer for Women, Electric Shaver and Razor Rechargeable 2-in-1 Body and Facial Epilator, Dual Heads for Painless Trimming of Pubic Hair, Face, Underarms and Legs, IPX7 Waterproof. Christmas Gift New Year Gift Shaving Grooming tiktokshopba",Body Beauty Devices,,,,,
