video_id,prompt_version,scene_no,t_start,t_end,shot_type,visual,on_screen_text,voiceover,hook,cta,summary
7670611165256469790,storyboard-v1,1,0.0,10.5,talking-head,A woman sits in her car holding an iced drink while dramatically acting out the dangers of shaving with a traditional razor.,i haven't been to a waxer in 5 months and my bikini line has never looked better,"Shave up, now you're bleeding. Shave sideways, now you're panicking. Shave down, now you just cut yourself in a place that you really don't want to get a cut.",An eye-catching text overlay about skipping the waxer for 5 months combined with a humorous dramatic reenactment of traditional razor cuts.,I would grab it here before it goes back up in price.,"Replace expensive waxing and painful traditional razors with an affordable, rechargeable, and waterproof double-sided electric bikini trimmer."
7670611165256469790,storyboard-v1,2,10.5,16.5,close-up,"She holds the green razor close to the camera lens with an annoyed face, then dips it mockingly into her drink cup.","","Why are you still using this to shave your pus-pus? It is 2026, it's getting embarrassing at this point.",An eye-catching text overlay about skipping the waxer for 5 months combined with a humorous dramatic reenactment of traditional razor cuts.,I would grab it here before it goes back up in price.,"Replace expensive waxing and painful traditional razors with an affordable, rechargeable, and waterproof double-sided electric bikini trimmer."
7670611165256469790,storyboard-v1,3,16.5,23.2,medium close-up,She tosses the razor aside and pulls out a sleek silver double-sided electric trimmer.,"",Throw that shit away and start using this. I found this double-sided electric bikini trimmer off the TikTok Shop for under $20.,An eye-catching text overlay about skipping the waxer for 5 months combined with a humorous dramatic reenactment of traditional razor cuts.,I would grab it here before it goes back up in price.,"Replace expensive waxing and painful traditional razors with an affordable, rechargeable, and waterproof double-sided electric bikini trimmer."
7670611165256469790,storyboard-v1,4,23.2,31.0,close-up,She demonstrates using the trimmer attachment side along her arm and touches the blades directly with her hand to prove safety.,"","First, you'll go with this side to get the longer hair, and don't worry, it's not going to cut you. It's cut-proof and nick-proof, and that goes for everywhere.",An eye-catching text overlay about skipping the waxer for 5 months combined with a humorous dramatic reenactment of traditional razor cuts.,I would grab it here before it goes back up in price.,"Replace expensive waxing and painful traditional razors with an affordable, rechargeable, and waterproof double-sided electric bikini trimmer."
7670611165256469790,storyboard-v1,5,31.0,36.8,close-up,She flips the tool to the circular foil shaving head side and moves it across her arm in circles.,"",Then you flip it to this side and use it in a circular motion. This is how you'll get it bald down there.,An eye-catching text overlay about skipping the waxer for 5 months combined with a humorous dramatic reenactment of traditional razor cuts.,I would grab it here before it goes back up in price.,"Replace expensive waxing and painful traditional razors with an affordable, rechargeable, and waterproof double-sided electric bikini trimmer."
7670611165256469790,storyboard-v1,6,36.8,47.0,talking-head,She holds the device while discussing financial savings and shows the USB charging port on the bottom.,"","Why are you still spending $80 on Brazilians in this economy? I genuinely need you to rethink your entire financial plan, 'cause no more spending money on waxing or razors. You can just buy this once and recharge it.",An eye-catching text overlay about skipping the waxer for 5 months combined with a humorous dramatic reenactment of traditional razor cuts.,I would grab it here before it goes back up in price.,"Replace expensive waxing and painful traditional razors with an affordable, rechargeable, and waterproof double-sided electric bikini trimmer."
7670611165256469790,storyboard-v1,7,47.0,49.8,close-up,She plunges the operating trimmer head straight into her cold iced drink to prove it is waterproof.,"","And it's waterproof, so you can use it in the shower.",An eye-catching text overlay about skipping the waxer for 5 months combined with a humorous dramatic reenactment of traditional razor cuts.,I would grab it here before it goes back up in price.,"Replace expensive waxing and painful traditional razors with an affordable, rechargeable, and waterproof double-sided electric bikini trimmer."
7670611165256469790,storyboard-v1,8,49.8,55.5,close-up,She tucks the trimmer into a travel pouch and leans into the camera whispering dramatically.,"","And if you miss a spot shaving, it's small enough to take with you anywhere. That way, you'll never get caught with a hairy bikini line.",An eye-catching text overlay about skipping the waxer for 5 months combined with a humorous dramatic reenactment of traditional razor cuts.,I would grab it here before it goes back up in price.,"Replace expensive waxing and painful traditional razors with an affordable, rechargeable, and waterproof double-sided electric bikini trimmer."
7670611165256469790,storyboard-v1,9,55.5,60.1,close-up,She displays the electric trimmer's control interface and urges viewers to check out the current sale.,"","Last I checked, this was still on a major flash sale for the end of summer, so I would grab it here before it goes back up in price.",An eye-catching text overlay about skipping the waxer for 5 months combined with a humorous dramatic reenactment of traditional razor cuts.,I would grab it here before it goes back up in price.,"Replace expensive waxing and painful traditional razors with an affordable, rechargeable, and waterproof double-sided electric bikini trimmer."
7647587903010393358,storyboard-v1,1,0.0,4.8,close-up,"Creator holds the electric trimmer close to her face and sideburn, demonstrating its safety near skin.",anti bush club 😍,This bikini trimmer is not going to cut any lips off and it's sharp as hell.,The creator demonstrates that the bikini trimmer won't cut delicate skin or cause nicks even when used roughly.,What are you waiting for? I'll tag it right here.,"This versatile electric bikini trimmer provides a safe, nick-free shave for sensitive areas, face, and body at a price cheaper than razor packs."
7647587903010393358,storyboard-v1,2,4.8,11.2,medium close-up,"Creator aggressively glides the trimmer along her tattooed arm to demonstrate zero irritation, cuts, or razor burn.","","You can be super rough with it. It's never cut me, it's never sliced me, it's never even given me razor burn. So shave all of your delicate areas with no fear.",The creator demonstrates that the bikini trimmer won't cut delicate skin or cause nicks even when used roughly.,What are you waiting for? I'll tag it right here.,"This versatile electric bikini trimmer provides a safe, nick-free shave for sensitive areas, face, and body at a price cheaper than razor packs."
7647587903010393358,storyboard-v1,3,11.2,18.0,close-up,"Creator switches attachment sides and demonstrates shaving her cheek, facial hair, and underarm area.","","And then when you want to be super bald, you just go in with this side and it's going to make you baby smooth. Look at that. You can shave your face with it, your underarms...",The creator demonstrates that the bikini trimmer won't cut delicate skin or cause nicks even when used roughly.,What are you waiting for? I'll tag it right here.,"This versatile electric bikini trimmer provides a safe, nick-free shave for sensitive areas, face, and body at a price cheaper than razor packs."
7647587903010393358,storyboard-v1,4,18.0,21.8,medium close-up,"Creator holds the trimmer up, displaying its compact and waterproof design.","",You can take it in the shower or toss it in your bag for all those hairs you missed when you're shaving your knees.,The creator demonstrates that the bikini trimmer won't cut delicate skin or cause nicks even when used roughly.,What are you waiting for? I'll tag it right here.,"This versatile electric bikini trimmer provides a safe, nick-free shave for sensitive areas, face, and body at a price cheaper than razor packs."
7647587903010393358,storyboard-v1,5,21.8,29.5,medium close-up,"Creator speaks directly to the camera holding the trimmer, pointing down toward the TikTok Shop link.","",This went mega viral for a reason. I've been using mine for over a year now and it's still going strong. It's on sale right now. It's cheaper than a pack of razors at the store. What are you waiting for? I'll tag it right here.,The creator demonstrates that the bikini trimmer won't cut delicate skin or cause nicks even when used roughly.,What are you waiting for? I'll tag it right here.,"This versatile electric bikini trimmer provides a safe, nick-free shave for sensitive areas, face, and body at a price cheaper than razor packs."
7667218182301633823,storyboard-v1,1,0.0,15.0,close-up POV,A person glides a handheld IPL hair removal device continuously along their leg.,Me bc I wanna be as smooth as I can be,"",A close-up POV shot demonstrating an at-home laser hair removal device gliding across the leg.,"","Demonstrates using an at-home hair removal device on legs to achieve smooth, hair-free skin."
7665140522939469087,storyboard-v1,1,0.0,12.0,medium shot,A woman in a floral bikini stands in a pool while her friend touches her hip and examines her smooth skin and underarms.,"","Girl, you're so smooth down... Oh my god, girl, yeah, look at my armpits. Girl, no ingrown hairs, nothing? No, girl, no irritation, girl. No hyperpigmentation? Girl, what are you using? Girl, I started using an electric shaver. Electric shaver?",Friends admiring smooth skin and lack of ingrown hairs by the pool.,"If you want one, I left the link right here, but hurry up because they've been selling out fast.","Two friends chatting in a pool discuss a waterproof, double-ended electric shaver that eliminates ingrown hairs and cuts, available on TikTok Shop for under $20."
7665140522939469087,storyboard-v1,2,12.0,27.0,medium shot,The woman holds up a rose gold double-ended electric shaver and demonstrates trimming her bikini line and leg.,"","Yes, girl, this one. It's so good. Girl, it's double-ended. This side is for like the long hairs, right? It's going to take everything out, it's not going to cut you, it's not going to make you bleed. Oh my god, that's crazy. I know, and then it has this other side for like the tiny little baby hairs, leaving you smooth like a baby seal. That's why it's so smooth. I know, girl, it looks so good.",Friends admiring smooth skin and lack of ingrown hairs by the pool.,"If you want one, I left the link right here, but hurry up because they've been selling out fast.","Two friends chatting in a pool discuss a waterproof, double-ended electric shaver that eliminates ingrown hairs and cuts, available on TikTok Shop for under $20."
7665140522939469087,storyboard-v1,3,27.0,36.0,medium shot,The woman dips the electric shaver directly into the pool water to demonstrate that it is completely waterproof.,"","Girl, yeah, this stuff is so good, and look, it's literally waterproof. Waterproof? Waterproof, you can recharge it, like this stuff lasts forever. Girl, you can bring it anywhere you go, right? Literally everywhere, it's so easy to carry.",Friends admiring smooth skin and lack of ingrown hairs by the pool.,"If you want one, I left the link right here, but hurry up because they've been selling out fast.","Two friends chatting in a pool discuss a waterproof, double-ended electric shaver that eliminates ingrown hairs and cuts, available on TikTok Shop for under $20."
7665140522939469087,storyboard-v1,4,36.0,46.0,medium shot,The friend holds the shaver while the woman points towards the bottom left screen to indicate the TikTok Shop link.,"","Girl, I don't have the money for this, must be so expensive because of dual ended... No, girl, I actually got this on TikTok and they're running amazing deals right now, it's like less than 20 bucks. Yeah, if you want one, I left the link right here, but hurry up because they've been selling out fast.",Friends admiring smooth skin and lack of ingrown hairs by the pool.,"If you want one, I left the link right here, but hurry up because they've been selling out fast.","Two friends chatting in a pool discuss a waterproof, double-ended electric shaver that eliminates ingrown hairs and cuts, available on TikTok Shop for under $20."
7581164199045319967,storyboard-v1,1,0.0,3.8,close-up,A woman in medical scrubs showcases a compact handheld nebulizer releasing mist directly toward the camera.,"Comparing a plug-in, hospital grade nebulizer vs portable nebulizer","If you have ever needed a nebulizer, this is the one that you need to get.","An urgent care physician assistant compares a noisy, traditional hospital nebulizer to a silent portable nebulizer.",I'm gonna link this down below because this is something that you're gonna wanna have at 2 o'clock in the morning when you can't breathe or your little one can't breathe.,"An urgent care healthcare provider demonstrates why a quiet, rechargeable portable nebulizer is superior to loud, bulky hospital-grade units for home emergency use."
7581164199045319967,storyboard-v1,2,3.8,8.3,medium close-up,The woman shows a standard urgent care plug-in nebulizer unit sitting on an examination room counter.,"Comparing a plug-in, hospital grade nebulizer vs portable nebulizer","Okay, so I work in urgent care, and this is the one that we use in our urgent care setting.","An urgent care physician assistant compares a noisy, traditional hospital nebulizer to a silent portable nebulizer.",I'm gonna link this down below because this is something that you're gonna wanna have at 2 o'clock in the morning when you can't breathe or your little one can't breathe.,"An urgent care healthcare provider demonstrates why a quiet, rechargeable portable nebulizer is superior to loud, bulky hospital-grade units for home emergency use."
7581164199045319967,storyboard-v1,3,8.3,17.5,close-up,"She turns on the hospital nebulizer, demonstrating its noisy motor and constant vapor steam.","Comparing a plug-in, hospital grade nebulizer vs portable nebulizer","I want you to listen to it... how loud it is. Okay, so you see that continuous stream, right? Okay, now I'm gonna turn it off...","An urgent care physician assistant compares a noisy, traditional hospital nebulizer to a silent portable nebulizer.",I'm gonna link this down below because this is something that you're gonna wanna have at 2 o'clock in the morning when you can't breathe or your little one can't breathe.,"An urgent care healthcare provider demonstrates why a quiet, rechargeable portable nebulizer is superior to loud, bulky hospital-grade units for home emergency use."
7581164199045319967,storyboard-v1,4,17.5,28.5,close-up,"She activates the portable nebulizer, pointing out its LED digital display screen and multiple misting speed modes.","","...and I want you to see this portable nebulizer, and look at the stream on there. It's got 3 modes: continuous, 5 minutes of gentle, and then it's got 20 minutes of this pulsation mode.","An urgent care physician assistant compares a noisy, traditional hospital nebulizer to a silent portable nebulizer.",I'm gonna link this down below because this is something that you're gonna wanna have at 2 o'clock in the morning when you can't breathe or your little one can't breathe.,"An urgent care healthcare provider demonstrates why a quiet, rechargeable portable nebulizer is superior to loud, bulky hospital-grade units for home emergency use."
7581164199045319967,storyboard-v1,5,28.5,35.0,close-up,She turns the handheld unit around to show the charging port on the back and opens the anti-leak medication cup top.,"","This is rechargeable in the back. It's got anti-leak top, so you can put your medicine in here...","An urgent care physician assistant compares a noisy, traditional hospital nebulizer to a silent portable nebulizer.",I'm gonna link this down below because this is something that you're gonna wanna have at 2 o'clock in the morning when you can't breathe or your little one can't breathe.,"An urgent care healthcare provider demonstrates why a quiet, rechargeable portable nebulizer is superior to loud, bulky hospital-grade units for home emergency use."
7581164199045319967,storyboard-v1,6,35.0,43.0,medium close-up,She turns both nebulizers on side-by-side to highlight the sound difference and mist density.,"","...but look, this is comparison. I wanna show you comparison. So there's that...","An urgent care physician assistant compares a noisy, traditional hospital nebulizer to a silent portable nebulizer.",I'm gonna link this down below because this is something that you're gonna wanna have at 2 o'clock in the morning when you can't breathe or your little one can't breathe.,"An urgent care healthcare provider demonstrates why a quiet, rechargeable portable nebulizer is superior to loud, bulky hospital-grade units for home emergency use."
7581164199045319967,storyboard-v1,7,43.0,54.5,talking-head,She holds up both units while talking directly to the viewer about the importance of having a quiet nebulizer for late-night asthma or respiratory emergencies.,"","...hospital grade, portable that you can purchase off of TikTok Shop. I'm gonna link this down below because this is something that you're gonna wanna have at 2 o'clock in the morning when you can't breathe or your little one can't breathe. I'm telling you it's so quiet...","An urgent care physician assistant compares a noisy, traditional hospital nebulizer to a silent portable nebulizer.",I'm gonna link this down below because this is something that you're gonna wanna have at 2 o'clock in the morning when you can't breathe or your little one can't breathe.,"An urgent care healthcare provider demonstrates why a quiet, rechargeable portable nebulizer is superior to loud, bulky hospital-grade units for home emergency use."
7581164199045319967,storyboard-v1,8,54.5,102.7,close-up,"She demonstrates the included attachments including the mouthpiece, pediatric mask, and adult mask.","","...it comes with three different pieces: you've got your mouthpiece here, you got a pediatric mask, and an adult mask. This is fantastic!","An urgent care physician assistant compares a noisy, traditional hospital nebulizer to a silent portable nebulizer.",I'm gonna link this down below because this is something that you're gonna wanna have at 2 o'clock in the morning when you can't breathe or your little one can't breathe.,"An urgent care healthcare provider demonstrates why a quiet, rechargeable portable nebulizer is superior to loud, bulky hospital-grade units for home emergency use."
7669988712033373471,storyboard-v1,1,0.0,4.0,close-up,A baby sleeps peacefully on a mother's lap while the mother holds a silent portable nebulizer near the baby's face.,Huge thank you to The nurse who said to Get this before cold and flu season,"",A text hook thanking a nurse for recommending a portable nebulizer before cold and flu season while showing a baby sleeping undisturbed.,"",This video highlights a portable handheld nebulizer as a nurse-recommended must-have product for infants during cold and flu season.
7669988712033373471,storyboard-v1,2,4.0,7.0,medium shot,"The mother turns on the portable nebulizer, releasing a stream of fine mist without waking the sleeping baby.",Huge thank you to The nurse who said to Get this before cold and flu season,"",A text hook thanking a nurse for recommending a portable nebulizer before cold and flu season while showing a baby sleeping undisturbed.,"",This video highlights a portable handheld nebulizer as a nurse-recommended must-have product for infants during cold and flu season.
